JobTitle,Location,DatePosted
Lead Functional Analyst,"Cary, NC, US, 27513","Mar24, 2022"
Application Architect - Java (remote / work from home),"Cary, NC, US, 27513+2more…","Mar23, 2022"
Senior Cyber Security Threat Hunter,"Cary, NC, US, 27513","Mar23, 2022"
Senior Actuarial Associate - Actuarial Development Program,"Tampa, FL, US, 33647+4more…","Mar23, 2022"
Analyst - Public Fixed Income Client Services,"Philadelphia, PA, US, 19103","Mar23, 2022"
Senior Technology Liaison,"Warwick, RI, US, 2886+2more…","Mar23, 2022"
Account Executive - San Francisco Bay Area,"SanFrancisco, CA, US, 94105","Mar23, 2022"
"Product & Value Management, Value Management Group, Actuary, GG10","Tokyo, JP","Mar23, 2022"
"Corporate Counsel, Investments Law - Products, Distribution, & Operations Unit","Whippany, NJ, US, 7981+3more…","Mar23, 2022"
Unit Manager-BigData Development,"Noida, IN, 0","Mar23, 2022"
Lead Software Development Engineer,"Cary, NC, US, 27513","Mar23, 2022"
UAT Senior Consultant,"Cary, NC, US, 27513+1more…","Mar23, 2022"
Senior Lead Business Applications QA Consultant,"Tampa, FL, US, 33647+1more…","Mar23, 2022"
Implementation Leader I,"Tampa, FL, US, 33647","Mar23, 2022"
Underwriting Consultant,"Irvine, CA, US, 92614","Mar23, 2022"
Digital Marketing Manager - Investment Management Marketing,"NewYork, NY, US, 10166+1more…","Mar23, 2022"
Finance Specialist,"Noida, IN, 0","Mar23, 2022"
Team Leader- Technology Services,"Noida, IN, 0","Mar23, 2022"
Client Services Consultant II,"Dallas, TX, US, 75240+3more…","Mar23, 2022"
Client Services Analyst II,"Tampa, FL, US, 33647","Mar23, 2022"
Manager - Technology Services,"Noida, IN, 0","Mar23, 2022"
"Director, Senior Mortgage Producer","Washington, DC, US, 20005","Mar23, 2022"
Implementation Leader II,"Tampa, FL, US, 33647","Mar23, 2022"
Client Services Consultant II,"Bridgewater, NJ, US, 8807","Mar23, 2022"
Project Principal,"Cary, NC, US, 27513","Mar23, 2022"
Clinical Support Consultant,"Remote, US, 0","Mar23, 2022"
Sr Case Management Specialist,"Tampa, FL, US, 33647","Mar23, 2022"
Senior Principal Engineer- US Digital,"Cary, NC, US, 27513","Mar23, 2022"
Sr. Software Dev Engineer Test,"Cary, NC, US, 27513","Mar23, 2022"
"Public Fixed Income Head of Risk, MIM Risk Management","Whippany, NJ, US, 7981","Mar22, 2022"
Auditor,"Warwick, RI, US, 2886","Mar22, 2022"
Assistant Manager- Operations,"Noida, IN, 0","Mar22, 2022"
Director -  IT Service Financial Management / TBM,"Cary, NC, US, 27513","Mar22, 2022"
Consultant - Analytics,"Noida, IN, 0","Mar22, 2022"
Associate Director - Investment Manager Oversight,"Whippany, NJ, US, 7981","Mar22, 2022"
Business Management Consultant,"Cary, NC, US, 27513","Mar22, 2022"
Senior Technology Liaison - Virtual,"Bridgewater, NJ, US, 8807+1more…","Mar22, 2022"
Team Leader-Technology Services,"Noida, IN, 0","Mar22, 2022"
Corporate Counsel - Investments Law,"Whippany, NJ, US, 7981","Mar22, 2022"
Full Stack Software Engineer,"Whippany, NJ, US, 7981","Mar22, 2022"
Assistant Manager-Big Data Development,"Noida, IN, 0","Mar22, 2022"
Senior Manager - Operations,"Noida, IN, 0","Mar22, 2022"
"VP, Risk & Business Controls - Global Technology","NewYork, NY, US, 10166+2more…","Mar22, 2022"
Sr. Accounts Associate,"Jaipur, IN, 0","Mar22, 2022"
Principal - Complex Deals,"Cary, NC, US, 27513","Mar22, 2022"
Vendor Relations and Network Development Consultant,"Wilmington, DE, US, 19801","Mar22, 2022"
Cyber Security Architect- SIEM & SOAR,"Remote, US, 0","Mar22, 2022"
Production Management Consultant,"Cary, NC, US, 27513","Mar22, 2022"
Scrum Lead III,"Cary, NC, US, 27513+1more…","Mar22, 2022"
Business Procedures Analyst,"Bloomfield, CT, US, 6002+3more…","Mar22, 2022"
Customer Care Advocate,"Warwick, RI, US, 2886","Mar22, 2022"
SailPoint IIQ Specialist,"Remote, US, 0+1more…","Mar22, 2022"
Unit Manager Operations,"Noida, IN, 0","Mar22, 2022"
Senior Underwriter,"Dubai, AE","Mar22, 2022"
"AVP, Investments Change Management","Whippany, NJ, US, 7981","Mar22, 2022"
Customer Care Advocate,"Remote, US, 0+1more…","Mar22, 2022"
Claims Approver - Long Term Care,"Tampa, FL, US, 33647","Mar22, 2022"
"Director, Talent Acquisition","Remote, US, 0","Mar22, 2022"
Sr. Functional Analyst,"Cary, NC, US, 27513","Mar22, 2022"
Unit Manager-Operations,"Noida, IN, 0","Mar21, 2022"
"AVP, Endpoint Security Protection","Cary, NC, US, 27513","Mar21, 2022"
Client Services Consultant I,"Atlanta, GA, US, 30328+2more…","Mar21, 2022"
Entity Manager,"Aurora, IL, US, 60504+3more…","Mar21, 2022"
"SVP, Product Head - Dental, Vision, HS&SA and Accident & Health","Bridgewater, NJ, US, 8807","Mar21, 2022"
Associate Director - Commercial Mortgage-Backed Securities,"Whippany, NJ, US, 7981","Mar21, 2022"
Consultant - Analytics,"Noida, IN, 0","Mar21, 2022"
Manager - Regulatory Reporting,"Tampa, FL, US, 33647","Mar21, 2022"
Executive Recruiter,"Remote, US, 0","Mar21, 2022"
Digital Automation Engineer 1,"Bridgewater, NJ, US, 8807","Mar21, 2022"
Lead Business Planning and Strategy Consultant,"Cary, NC, US, 27513","Mar21, 2022"
Billing Account Representative,"Remote, US, 0","Mar21, 2022"
Product Director - Dental & Vision,"Remote, US, 0+12more…","Mar21, 2022"
Analyst - Loan Management,"SanFrancisco, CA, US, 94105","Mar21, 2022"
Manager - Technology Services,"Noida, IN, 0","Mar21, 2022"
2022 Group Benefits Sales (GBS) Summer Internship Program,"Bridgewater, NJ, US, 8807","Mar20, 2022"
Specialist-Technology Services,"Noida, IN, 0","Mar20, 2022"
Insurance Relationship Manager - Institutional Client Group,"Whippany, NJ, US, 7981","Mar20, 2022"
Associate - Loan Management,"Washington, DC, US, 20005","Mar20, 2022"
Dental Plan Network Recruiter,"Remote, US, 0","Mar20, 2022"
Agile Coach / SAFe Specialist,"Cary, NC, US, 27513","Mar20, 2022"
Dental Plan Network Recruiter,"Remote, US, 0","Mar20, 2022"
Dental Plan Network Recruiter,"Remote, US, 0","Mar20, 2022"
Associate - Loan Asset Management,"Atlanta, GA, US, 30326","Mar20, 2022"
Lead Security Architect - IDaaS /  IAM,"Cary, NC, US, 27513","Mar20, 2022"
Associate Director; Private Capital,"London, GB+1more…","Mar20, 2022"
Software Engineer - Specialist,"Noida, IN, 0","Mar20, 2022"
Client Services Consultant II,"Aurora, IL, US, 60504","Mar19, 2022"
Infrastructure Solution Engineer,"Dublin, IE+1more…","Mar19, 2022"
"Director, HR Business Partner Asia",HK,"Mar19, 2022"
Senior QA Project Lead,"Galway, IE","Mar19, 2022"
Unit Manager-Technology Services,"Noida, IN, 0","Mar19, 2022"
Software Development Engineer I,"Galway, IE","Mar19, 2022"
Software Development Engineer II (CCM Developer),"Galway, IE","Mar19, 2022"
Senior Application Support Engineer,"Galway, IE","Mar19, 2022"
"Product & Value Management, Value Management Group, Actuary Manager, GG12","Tokyo, JP","Mar19, 2022"
Operational Risk Management Lead - LatAm,"Tampa, FL, US, 33647+7more…","Mar19, 2022"
Lead Administrator,"Tampa, FL, US, 33647","Mar19, 2022"
Operational Risk Management Lead - EMEA/Asia,"Tampa, FL, US, 33647+7more…","Mar19, 2022"
Client Services Consultant II,"Aurora, IL, US, 60504+1more…","Mar19, 2022"
Operational Risk Management Lead - US,"Tampa, FL, US, 33647+7more…","Mar19, 2022"
"Director, Group Benefits Marketing, Digital Engagement","Bridgewater, NJ, US, 8807+2more…","Mar19, 2022"
Consultant II - Creative Design,"Noida, IN, 0","Mar19, 2022"
"Real Estate Head of Risk, MIM Risk","Whippany, NJ, US, 7981","Mar19, 2022"
Lead Business Systems Analyst - Data,"Galway, IE","Mar19, 2022"
Senior Compliance Consultant,"NewYork, NY, US, 10166+2more…","Mar19, 2022"
Assistant Manager,"Noida, IN, 0","Mar18, 2022"
"Actuary, Longevity Reinsurance Pricing","NewYork, NY, US, 10166","Mar18, 2022"
Client Services Consultant II,"Tampa, FL, US, 33647+1more…","Mar18, 2022"
Account Executive,"Brookfield, WI, US, 53045","Mar18, 2022"
Assistant Manager-Technology Services,"Noida, IN, 0","Mar18, 2022"
Client Services Consultant I,"NewYork, NY, US, 10166+6more…","Mar18, 2022"
"Internal Audit, Technology Audit Team, Assistant Manager, GG11","Tokyo, JP","Mar18, 2022"
"Internal Audit, Technology Audit Team, Manager, GG12","Tokyo, JP","Mar18, 2022"
Service Academy Trainee (June 2022 Start),"Aurora, IL, US, 60504+1more…","Mar18, 2022"
Director- Group Contracts Cross Functional Services,"Bridgewater, NJ, US, 8807","Mar18, 2022"
Sr Quantitative Risk Analyst,"Whippany, NJ, US, 7981+1more…","Mar18, 2022"
Paralegal,"Whippany, NJ, US, 7981","Mar18, 2022"
Customer Services Advisor - Employee Benefits New Business Administrator,"Brighton, GB+2more…","Mar18, 2022"
Senior Merger and Acquisition Associate,"NewYork, NY, US, 10166","Mar18, 2022"
Financial Consultant I - Large Accounts,"Irvine, CA, US, 92614+2more…","Mar18, 2022"
Lead Data Engineer,"Cary, NC, US, 27513+1more…","Mar18, 2022"
Lead Business Systems Analyst,"Cary, NC, US, 27513+1more…","Mar18, 2022"
"Director of Administration, Retirement and Income Solutions Operations","Tampa, FL, US, 33647","Mar18, 2022"
Senior Client Services Consultant,"Dallas, TX, US, 75240+3more…","Mar18, 2022"
Senior Software Development Engineer,"Cary, NC, US, 27513","Mar18, 2022"
Supervisor - Administration,"Tampa, FL, US, 33647","Mar18, 2022"
Client Services Consultant II,"Bridgewater, NJ, US, 8807","Mar18, 2022"
Case Management Coordinator,"Dubai, AE","Mar18, 2022"
Associate Director - Asset Manager - Real Estate,"Washington, DC, US, 20005","Mar18, 2022"
Analyst - Derivatives,"Whippany, NJ, US, 7981","Mar18, 2022"
New Business Analyst,"Alpharetta, GA, US, 30009","Mar17, 2022"
Assistant Manager-Technology Services,"Noida, IN, 0","Mar17, 2022"
Associate - Public Fixed Income,"Philadelphia, PA, US, 19103","Mar17, 2022"
IT Audit Manager,"Cary, NC, US, 27513","Mar17, 2022"
Sr. Analyst - Real Estate Debt - Chicago Regional Office,"Chicago, IL, US, 60606","Mar17, 2022"
Technology Liaison,"Bridgewater, NJ, US, 8807+1more…","Mar17, 2022"
Senior Tax Accountant,"St.Louis, MO, US, 11330","Mar17, 2022"
Business Risk and Control Consultant,"Tampa, FL, US, 33647+2more…","Mar17, 2022"
Customer Experience Specialist,"Jeffersonville, IN, US, 47130","Mar17, 2022"
Software Development Engineer I,"Noida, IN, 0","Mar17, 2022"
Unit Manager-Technology Services,"Noida, IN, 0","Mar17, 2022"
Assistant Manager- Technology Services,"Noida, IN, 0","Mar17, 2022"
Team Leader - Technology Services,"Noida, IN, 0","Mar17, 2022"
Principal - IT Costing,"Cary, NC, US, 27513","Mar17, 2022"
Senior Contract Development Consultant,"Aurora, IL, US, 60504","Mar17, 2022"
Lead Software Development Engineer,"Cary, NC, US, 27513","Mar17, 2022"
IT PMO Analyst,"Remote, US, 0","Mar17, 2022"
Senior Database Engineer,"Cary, NC, US, 27513","Mar17, 2022"
Senior Project Lead,"Cary, NC, US, 27513+1more…","Mar17, 2022"
Consultant - Analytics,"Noida, IN, 0","Mar16, 2022"
Principal Architect - Digital,"Cary, NC, US, 27513","Mar16, 2022"
International Investments Chief Compliance Officer (CCO),"London, GB+1more…","Mar16, 2022"
Consultant - Analytics,"Noida, IN, 0","Mar16, 2022"
Software Engineer,"Cary, NC, US, 27513","Mar16, 2022"
Lead Software Dev Engineer Test,"Cary, NC, US, 27513","Mar16, 2022"
Software Engineer,"Cary, NC, US, 27513","Mar16, 2022"
Scrum Lead III,"Cary, NC, US, 27513+2more…","Mar16, 2022"
Sr. DevOps Engineer,"Cary, NC, US, 27513","Mar16, 2022"
Assistant Manager Operations,"Noida, IN, 0","Mar16, 2022"
Consultant - Analytics,"Noida, IN, 0","Mar16, 2022"
Analyst - Middle Office Derivatives,"Whippany, NJ, US, 7981","Mar16, 2022"
Security Engineer - IAM / PAM,"Cary, NC, US, 27513","Mar16, 2022"
Senior Manager - Technology Services,"Noida, IN, 0","Mar16, 2022"
Finance Specialist,"Noida, IN, 0","Mar16, 2022"
"Director, Private Credit - Client Portfolio Management - Product Specialist","Whippany, NJ, US, 7981","Mar16, 2022"
Lead Business Systems Analyst,"Cary, NC, US, 27513+2more…","Mar16, 2022"
Full Stack Software Engineer,"Cary, NC, US, 27513","Mar16, 2022"
Agricultural Real Estate Loan Officer,"Bellevue, WA, US, 98007+32more…","Mar15, 2022"
Investments Business Planning & Strategy Associate,"Whippany, NJ, US, 7981","Mar15, 2022"
Global Strategic Partnership and Business Integration,"NewYork, NY, US, 10166","Mar15, 2022"
Senior Business Procedures Consultant II,"Tampa, FL, US, 33647","Mar15, 2022"
Claims Approver - LTC - Virtual,"Tampa, FL, US, 33647","Mar15, 2022"
Assistant Manager,"Noida, IN, 0","Mar15, 2022"
Scrum Lead I,"Greenville, SC, US, 29607","Mar15, 2022"
Business Analyst,"Charlotte, NC, US, 28277","Mar15, 2022"
"VP, Product Head - Upwise","NewYork, NY, US, 10166","Mar15, 2022"
Financial Analyst - Private Fixed Income,"Whippany, NJ, US, 7981","Mar15, 2022"
Assistant Manager- Operations,"Noida, IN, 0","Mar15, 2022"
"Legal, Litigation & Insurance Law Team, Manager, GG12","Tokyo, JP","Mar15, 2022"
"Legal, Litigation & Insurance Law Team, Director, GG13","Tokyo, JP","Mar15, 2022"
Sr. Talent Advisor - MetLife Investments,"Whippany, NJ, US, 7981","Mar15, 2022"
Accounts Payable Representative III,"Baltimore, MD, US, 21236","Mar15, 2022"
Underwriter,"KansasCity, MO, US, 64116+2more…","Mar15, 2022"
Senior Lead Business Systems Analyst,"Cary, NC, US, 27513","Mar15, 2022"
Specialists-IT Operations,"Noida, IN, 0","Mar14, 2022"
Actuary,"NewYork, NY, US, 10166","Mar14, 2022"
Director - IT Audit (cloud),"Tampa, FL, US, 33647+3more…","Mar14, 2022"
"VP Corporate Development, Mergers & Acquisition","NewYork, NY, US, 10166","Mar14, 2022"
Senior Counsel - Technology Legal,"NewYork, NY, US, 10166","Mar14, 2022"
Legal Administrative Associate,"NewYork, NY, US, 10166","Mar14, 2022"
Windows & VMware System Administrator,"Cary, NC, US, 27513","Mar14, 2022"
Senior IT Auditor II,"Cary, NC, US, 27513","Mar14, 2022"
Legal Administrative Associate,"NewYork, NY, US, 10166","Mar14, 2022"
"Senior Manager, Visual & Design Systems Designer - Upwise","NewYork, NY, US, 10166","Mar14, 2022"
"Senior Manager, Product Designer - Upwise","NewYork, NY, US, 10166","Mar14, 2022"
Digital Marketing Specialist - Investment Management Marketing,"NewYork, NY, US, 10166+1more…","Mar14, 2022"
Associate - Global Rates & Currencies,"Whippany, NJ, US, 7981","Mar14, 2022"
Client Services Consultant II,"Tampa, FL, US, 33647+1more…","Mar14, 2022"
Senior Client Services Consultant,"Tampa, FL, US, 33647+1more…","Mar14, 2022"
Firewall and Network Security Specialist,"Cary, NC, US, 27513","Mar14, 2022"
Senior BSA - IT Service Management Platform (ServiceNow),"Cary, NC, US, 27513","Mar14, 2022"
Client Services Consultant I,"Remote, US, 0","Mar14, 2022"
Senior Client Services Administrator,"Remote, US, 0","Mar14, 2022"
Contract Analyst II,"Aurora, IL, US, 60504","Mar14, 2022"
Client Services Consultant,"Tampa, FL, US, 33647+1more…","Mar14, 2022"
Team Leader - Technology Services,"Noida, IN, 0","Mar14, 2022"
"Agile Project Principal, Asia","KualaLumpur, MY","Mar14, 2022"
Client Services Consultant,"Tampa, FL, US, 33647+1more…","Mar14, 2022"
Group Account Management Consultant,"Houston, TX, US, 77042+1more…","Mar14, 2022"
Senior Sales Compensation Payment Specialist,"Tampa, FL, US, 33647","Mar14, 2022"
Senior Client Services Consultant,"Tampa, FL, US, 33647+1more…","Mar14, 2022"
Full Stack Software Engineer,"Cary, NC, US, 27513","Mar14, 2022"
Unit Manager - Technology Services,"Noida, IN, 0","Mar14, 2022"
Business Planning Consultant - Virtual,"NewYork, NY, US, 10166+1more…","Mar14, 2022"
Project Lead,"Cary, NC, US, 27513","Mar14, 2022"
Senior Project Lead II,"Cary, NC, US, 27513","Mar14, 2022"
Software Development Engineer,"Cary, NC, US, 27513","Mar12, 2022"
Manager-Financial Nat'l Accts,"Dallas, TX, US, 75240+4more…","Mar12, 2022"
Analyst - Loan Management,"MexicoCity, MX","Mar12, 2022"
Senior Software Development Engineer,"Cary, NC, US, 27513","Mar12, 2022"
Principal Software Engineer,"Cary, NC, US, 27513","Mar12, 2022"
Senior Claims Specialist - Long Term Care (Virtual),"Tampa, FL, US, 33647+2more…","Mar12, 2022"
Associate - Infrastructure and Project Finance,"Whippany, NJ, US, 7981","Mar12, 2022"
Senior Software Engineer,"Galway, IE","Mar12, 2022"
Senior Actuarial Associate - Actuarial Development Program,"Whippany, NJ, US, 7981+2more…","Mar12, 2022"
Senior QA Project Lead,"Galway, IE","Mar12, 2022"
"Customer Value, Project Management Group, Analyst, GG9","Tokyo, JP","Mar12, 2022"
"AVP, Corporate Accounting Policy and Group Operations","NewYork, NY, US, 10166+2more…","Mar12, 2022"
Quantitative Analytics & Reporting Sr. Analyst,"Whippany, NJ, US, 7981","Mar12, 2022"
Internal Controls Consultant,"NewYork, NY, US, 10166","Mar12, 2022"
"Senior Manager, Customer Data & Analytics, Marketing Sciences","NewYork, NY, US, 10166","Mar11, 2022"
Underwriter,"Aurora, IL, US, 60504+4more…","Mar11, 2022"
Director - Communications,"Whippany, NJ, US, 7981","Mar11, 2022"
Associate - Investments/Private Fixed Income,"Whippany, NJ, US, 7981","Mar11, 2022"
Client Services Consultant II,"Aurora, IL, US, 60504+4more…","Mar11, 2022"
Research & Resolution Rep IV - Virtual,"WestDesMoines, IA, US, 50266+2more…","Mar11, 2022"
Application Security Analyst,"Cary, NC, US, 27513","Mar11, 2022"
Associate Director - Capital Markets Group,"Whippany, NJ, US, 7981","Mar11, 2022"
Lead Architect - DevOps,"Cary, NC, US, 27513","Mar11, 2022"
Actuarial Analyst,"Brighton, GB+4more…","Mar11, 2022"
Group Insurance Administrator,"Oriskany, NY, US, 13424","Mar11, 2022"
"Managing Director, Head of Acquisitions, Real Estate Equity Investments","Whippany, NJ, US, 7981","Mar11, 2022"
Sr Quantitative Analyst - Credit Risk,"Whippany, NJ, US, 7981","Mar11, 2022"
Senior Engagement Lead (Open to Remote),"Cary, NC, US, 27513+1more…","Mar11, 2022"
Senior Actuarial Associate - Actuarial Development Program,"NewYork, NY, US, 10166","Mar11, 2022"
Scrum Lead I,"Cary, NC, US, 27513","Mar11, 2022"
Technical Associate,"Cary, NC, US, 27513","Mar11, 2022"
Assistant Manager - Technology Services,"Noida, IN, 0","Mar11, 2022"
Senior Business Systems Analyst,"Cary, NC, US, 27513","Mar11, 2022"
Client Services Consultant I,"Bloomington, MN, US, 55431+2more…","Mar11, 2022"
Assistant Manager - Technology Services,"Noida, IN, 0","Mar11, 2022"
"Director, Sales Planning & Management",HK,"Mar11, 2022"
"Director, Agency Workforce Management Asia",HK,"Mar11, 2022"
Lead Full Stack Software Engineer (Technical Lead),"Cary, NC, US, 27513","Mar11, 2022"
Voluntary Benefits Account Representative II,"Tampa, FL, US, 33647","Mar11, 2022"
Account Executive,"Southfield, MI, US, 48034","Mar10, 2022"
Senior Software Development Engineer - Full Stack,"Cary, NC, US, 27513","Mar10, 2022"
"Marketing Manager, Regional Business Group Benefits","Bridgewater, NJ, US, 8807+1more…","Mar10, 2022"
"AVP, Operational Risk Management - MetLife Investment Management","Whippany, NJ, US, 7981","Mar10, 2022"
Senior Test Consultant,"Cary, NC, US, 27513","Mar10, 2022"
Lead Business Data Analyst,"Cary, NC, US, 27513","Mar10, 2022"
Big Data Developer-Assistant Manager,"Noida, IN, 0","Mar10, 2022"
Big Data Engineer-Assistant Manager,"Noida, IN, 0","Mar10, 2022"
Assistant Manager,"Noida, IN, 0","Mar10, 2022"
Senior Analyst,"Noida, IN, 0","Mar10, 2022"
"Senior Software Development Engineer- Distributed- Hybrid-Greenville, SC- Cary, NC","Greenville, SC, US, 29607","Mar10, 2022"
"AVP & Pricing Actuary, MetLife Pet Insurance","Bridgewater, NJ, US, 8807","Mar10, 2022"
Associate - Credit Derivatives/Global Rates,"Whippany, NJ, US, 7981","Mar10, 2022"
Application Security Project Manager,"Cary, NC, US, 27513","Mar10, 2022"
Assistant Manager Operations,"Noida, IN, 0","Mar10, 2022"
Assistant Manager,"Noida, IN, 0","Mar10, 2022"
"Senior Software Development Engineer- Mainframe- Hybrid- Greenville, SC- Cary, NC","Greenville, SC, US, 29607","Mar10, 2022"
Manager - Operations,"Noida, IN, 0","Mar10, 2022"
Accountant,"Baltimore, MD, US, 21236","Mar9, 2022"
Sr. Analyst - Loan Asset Management,"SanFrancisco, CA, US, 94105","Mar9, 2022"
Associate - Real Estate & Acquisitions,"SanFrancisco, CA, US, 94105","Mar9, 2022"
"Sales, 金融法人部門, ﾎｰﾙｾﾗｰ, GG08-11","Tokyo, JP","Mar9, 2022"
Executive Assistant - Investments,"Whippany, NJ, US, 7981","Mar9, 2022"
Manager - Business Procedures,"Tampa, FL, US, 33647","Mar9, 2022"
"Sales, 代理店ﾋﾞｼﾞﾈｽ部門, 代理店ｺﾝｻﾙﾃｨﾝｸﾞ担当, GG08-10","Tokyo, JP","Mar9, 2022"
Paralegal,"NewYork, NY, US, 10166","Mar9, 2022"
Senior Analyst - Debt Production,"Dallas, TX, US, 75201","Mar9, 2022"
IT Security Specialist - Threat Hunting,"Cary, NC, US, 27513","Mar9, 2022"
Senior PMO Consultant,"Cary, NC, US, 27513","Mar9, 2022"
Sr. Associate- Testing,"Noida, IN, 0","Mar9, 2022"
Senior Associate,"Noida, IN, 0","Mar9, 2022"
Team Leader- Technology Services,"Noida, IN, 0","Mar9, 2022"
Investment Operations Senior Analyst - Collateralized Loan Obligations,"Whippany, NJ, US, 7981","Mar9, 2022"
Scrum Lead II,"Cary, NC, US, 27513","Mar9, 2022"
Senior Analyst - Middle-Office Bank Loan/Public Fixed Income,"Philadelphia, PA, US, 19103","Mar9, 2022"
Senior Associate - Test Analyst,"Noida, IN, 0","Mar9, 2022"
Lead Software Development Engineer,"ClarksSummit, PA, US, 18411+1more…","Mar9, 2022"
Business Intelligence Architect and Team Leader,"Tampa, FL, US, 33647+1more…","Mar9, 2022"
Group Insurance Administrator,"Oriskany, NY, US, 13424","Mar9, 2022"
Manager - Software Development Engineering,"Bridgewater, NJ, US, 8807+2more…","Mar9, 2022"
Power BI Administrator and Team leader,"Tampa, FL, US, 33647+1more…","Mar9, 2022"
Qlik Administrator and Team leader,"Tampa, FL, US, 33647+1more…","Mar9, 2022"
Cognos Analytics Administrator,"Cary, NC, US, 27513+1more…","Mar9, 2022"
Senior Public Relations Specialist,"NewYork, NY, US, 10166","Mar9, 2022"
Assistant Manager-Technology Services,"Noida, IN, 0","Mar8, 2022"
Sales Trainee,"Troy, MI, US, 48084","Mar8, 2022"
Unit Manager,"Noida, IN, 0","Mar8, 2022"
Hardware Asset Management (HAM) & Configuration Management (CM) Analyst,"Cary, NC, US, 27513","Mar8, 2022"
Senior Security Analytics Analyst,"Cary, NC, US, 27513","Mar8, 2022"
Associate - Middle Market Private Capital,"Whippany, NJ, US, 7981","Mar8, 2022"
"Customer Value, Project Management Group, Manager, GG12","Tokyo, JP","Mar8, 2022"
Client Services Consultant II,"GreenwoodVillage, CO, US, 80111+3more…","Mar8, 2022"
Lead Architect - Digital,"Cary, NC, US, 27513","Mar8, 2022"
Investments Senior Auditor,"Whippany, NJ, US, 7981","Mar8, 2022"
Investments Auditor II,"Whippany, NJ, US, 7981","Mar8, 2022"
"VP & Associate General Counsel, Employment Law","NewYork, NY, US, 10166","Mar8, 2022"
Senior Business Systems Analyst - Global Technology & Operations,"Cary, NC, US, 27513","Mar8, 2022"
Agile Transformation Principal,"Cary, NC, US, 27513","Mar8, 2022"
Team Leader- Technology Services,"Noida, IN, 0","Mar8, 2022"
Unit Manager - Technology Services,"Noida, IN, 0","Mar8, 2022"
Associate Asset Manager - Real Estate Investments,"SanFrancisco, CA, US, 94105","Mar8, 2022"
Manager - Operations,"Noida, IN, 0","Mar8, 2022"
HR Business Partner,"Cary, NC, US, 27513","Mar8, 2022"
Assistant Manager - Technology Services,"Noida, IN, 0","Mar8, 2022"
Analyst - Equity Portfolio Management,"Atlanta, GA, US, 30326+1more…","Mar8, 2022"
Full Stack Software Engineer,"Tampa, FL, US, 33647","Mar8, 2022"
Lead Business Systems Analyst,"Cary, NC, US, 27513","Mar8, 2022"
"AVP, Corporate Giving","NewYork, NY, US, 10166","Mar8, 2022"
Manager Operations,"Noida, IN, 0","Mar8, 2022"
FMLA Implementation / Technology Liaison,"Bloomfield, CT, US, 6002+3more…","Mar8, 2022"
"Director, Private Credit - Client Portfolio Management - Product Specialist","Whippany, NJ, US, 7981","Mar8, 2022"
"Director, Private Credit - Client Portfolio Management - Strategic Product Development","Whippany, NJ, US, 7981","Mar8, 2022"
Financial Consultant II - Large Accounts,"Dallas, TX, US, 75240+9more…","Mar8, 2022"
Financial Consultant I - Large Accounts,"Dallas, TX, US, 75240+9more…","Mar8, 2022"
Client Services Analyst II,"Tampa, FL, US, 33647","Mar8, 2022"
Site Coordinator,"Bloomfield, CT, US, 6002+3more…","Mar8, 2022"
Care Coordinator - LTC - Virtual,"Tampa, FL, US, 33647","Mar8, 2022"
"Senior Customer Care Advocate - Annuities - Warwick, RI - $22.10/hour - Virtual -","Warwick, RI, US, 2886","Mar8, 2022"
"Senior Customer Care Advocate - Annuities - Dayton, OH - $20.98/hour - Virtual","Dayton, OH, US, 45448","Mar8, 2022"
Underwriting Consultant,"Atlanta, GA, US, 30328+5more…","Mar7, 2022"
Senior Implementation Manager - Pensions,"Alpharetta, GA, US, 30009+5more…","Mar7, 2022"
IT Audit Manager,"Cary, NC, US, 27513","Mar7, 2022"
"Product & Value Management, Product Pricing Team, Director, GG13","Tokyo, JP","Mar7, 2022"
Dental Plan Network Recruiter,"Remote, US, 0","Mar7, 2022"
Senior Credit Risk Analyst,"Whippany, NJ, US, 7981","Mar7, 2022"
Senior Manager - Migrations,"Noida, IN, 0","Mar7, 2022"
Unit Manager - Migrations,"Noida, IN, 0","Mar7, 2022"
Associate - Loan Asset Management,"Atlanta, GA, US, 30326","Mar7, 2022"
Senior Voluntary Benefits Account Representative I,"St.Louis, MO, US, 11330","Mar7, 2022"
Statement of Health Reviewer I,"Oriskany, NY, US, 13424","Mar7, 2022"
Lead Software Development Engineer,"Tampa, FL, US, 33647","Mar7, 2022"
Digital Automation Engineer II,"Cary, NC, US, 27513","Mar7, 2022"
Medical Underwriting Consultant II,"Remote, US, 0","Mar7, 2022"
Senior Application and BI Developer,"Bridgewater, NJ, US, 8807+4more…","Mar7, 2022"
Principal Azure Cloud Engineer,"Cary, NC, US, 27513","Mar6, 2022"
"Product Owner, Upwise","NewYork, NY, US, 10166","Mar6, 2022"
Lead Business Systems Analyst,"Cary, NC, US, 27513","Mar6, 2022"
Business Analyst,"Wilmington, DE, US, 19801","Mar6, 2022"
Assistant Manager - Transformation Practices,"Noida, IN, 0","Mar6, 2022"
Unit Manager - Analytics (Data Governance),"Noida, IN, 0","Mar6, 2022"
Assistant Manager - Analytics (Data Governance),"Noida, IN, 0","Mar6, 2022"
Assistant Manager - Transformation Practices,"Noida, IN, 0","Mar6, 2022"
Assistant Manager - Transformation Practices,"Noida, IN, 0","Mar6, 2022"
Assistant Manager - Technology Services,"Noida, IN, 0","Mar6, 2022"
Associate Consultant - Analytics,"Noida, IN, 0","Mar6, 2022"
"Senior Manager, Marketing Insights & User Experience","Bridgewater, NJ, US, 8807+1more…","Mar5, 2022"
Associate Director - Private Capital,"Whippany, NJ, US, 7981","Mar5, 2022"
Investments Data Management Analyst II,"Whippany, NJ, US, 7981","Mar5, 2022"
Associate Director - Middle Market Debt Operations,"Whippany, NJ, US, 7981","Mar5, 2022"
Associate - Private Capital,"Whippany, NJ, US, 7981","Mar5, 2022"
Communication Strategist,"Whippany, NJ, US, 7981","Mar5, 2022"
Insurance Sales,"Brighton, GB+1more…","Mar5, 2022"
IT Audit Manager - Investments,"Bridgewater, NJ, US, 8807","Mar4, 2022"
Software Development Engineer (Open Pages),"Cary, NC, US, 27513","Mar4, 2022"
Sr. Software Development Engineer (Open Pages),"Cary, NC, US, 27513","Mar4, 2022"
Lead Consultant - Operational Risk Management,"NewYork, NY, US, 10166+2more…","Mar4, 2022"
VP Infrastructure Enablement,"Cary, NC, US, 27513","Mar4, 2022"
Market Risk Analyst,"Whippany, NJ, US, 7981+2more…","Mar4, 2022"
"Actuarial Assistant, Actuarial Development Program","Bridgewater, NJ, US, 8807","Mar4, 2022"
Unit Manager - Technology Services,"Noida, IN, 0","Mar4, 2022"
Specialist,"Noida, IN, 0","Mar4, 2022"
Lead Software Development Engineer,"Cary, NC, US, 27513+1more…","Mar4, 2022"
"Director of Administration, Retirement and Income Solutions Operations","Tampa, FL, US, 33647","Mar4, 2022"
Senior Life Claims Examiner,"Bridgewater, NJ, US, 8807","Mar4, 2022"
Director - Application Development: Pet Insurance,"Cary, NC, US, 27513","Mar4, 2022"
Team Manager,"Brighton, GB+2more…","Mar4, 2022"
Corporate Counsel - Investments Law,"SanFrancisco, CA, US, 94105+1more…","Mar4, 2022"
Financial Consultant II - Large Accounts,"Aurora, IL, US, 60504","Mar4, 2022"
Associate - Global Economic & Market Strategy,"Whippany, NJ, US, 7981","Mar4, 2022"
Software Test Engineer,"Cary, NC, US, 27513","Mar4, 2022"
Specialist-Data & App Support,"Noida, IN, 0","Mar3, 2022"
Lead Administrator,"Tampa, FL, US, 33647","Mar3, 2022"
Team Leader - Data & App Support,"Noida, IN, 0","Mar3, 2022"
Actuarial Associate - Actuarial Development Program,"NewYork, NY, US, 10166","Mar3, 2022"
"Senior Network Engineer - Cloud, Security / Firewalls, LoadBalancing","Cary, NC, US, 27513","Mar3, 2022"
Senior Debt Analyst - Real Estate Investments,"Whippany, NJ, US, 7981","Mar3, 2022"
"Analyst, IT Category Management - Global Procurement","St.Louis, MO, US, 11330+1more…","Mar3, 2022"
"Sr. Analyst, Category Management & Sourcing","Cary, NC, US, 27513","Mar3, 2022"
Senior Auditor,"Warwick, RI, US, 2886+1more…","Mar3, 2022"
Unit Manager - Technology Services,"Noida, IN, 0","Mar3, 2022"
"Director, Lead Global Strategic Insights","NewYork, NY, US, 10166","Mar3, 2022"
Sr. Associate- Testing,"Noida, IN, 0","Mar3, 2022"
Executive Assistant,"Cary, NC, US, 27513","Mar3, 2022"
Anti-Financial Crimes Compliance Specialist,"NewYork, NY, US, 10166","Mar2, 2022"
Senior Derivatives Analyst,"Whippany, NJ, US, 7981","Mar2, 2022"
Director Compliance,"Bridgewater, NJ, US, 8807+1more…","Mar2, 2022"
"Customer Value, Project Management Team, Analyst, GG10","Tokyo, JP","Mar2, 2022"
Implementation Specialist,"Alpharetta, GA, US, 30009","Mar2, 2022"
Director Cloud Security - Information Security (Open to remote),"Remote, US, 0","Mar2, 2022"
Privacy Compliance Officer,"Cary, NC, US, 27513+2more…","Mar2, 2022"
Senior Data Governance Specialist,"Whippany, NJ, US, 7981","Mar2, 2022"
Finance Director,"NewYork, NY, US, 10166","Mar2, 2022"
Senior Employee Relations Consultant,"Tampa, FL, US, 33647","Mar2, 2022"
Senior Contract Development Analyst,"Wilmington, DE, US, 19801","Mar2, 2022"
Corporate Counsel,"NewYork, NY, US, 10166","Mar2, 2022"
Investments Auditor II,"Whippany, NJ, US, 7981","Mar2, 2022"
Service Catalog & Request Process Owner - ServiceNow,"Cary, NC, US, 27513","Mar2, 2022"
"Global Head of Product Strategy, MetLife Investment Management","Whippany, NJ, US, 7981","Mar1, 2022"
Data Engineer,"Whippany, NJ, US, 7981","Mar1, 2022"
Senior Auditor II,"Tampa, FL, US, 33647+3more…","Mar1, 2022"
Implementation Leader II,"Aurora, IL, US, 60504","Mar1, 2022"
Implementation Leader III,"Aurora, IL, US, 60504","Mar1, 2022"
Lead Operational Risk Consultant,"NewYork, NY, US, 10166+3more…","Mar1, 2022"
Unit Manager - Facilities,"Noida, IN, 0","Mar1, 2022"
Senior Business Systems Analyst,"Galway, IE","Mar1, 2022"
Implementation Manager,"Aurora, IL, US, 60504","Mar1, 2022"
Senior Analyst - Investment Performance/Private Placements,"Whippany, NJ, US, 7981","Mar1, 2022"
Assistant Manager,"Noida, IN, 0","Mar1, 2022"
Director - Software Development Engineering,"Cary, NC, US, 27513","Mar1, 2022"
Operational Risk Lead - Controls,"Remote, US, 0+9more…","Mar1, 2022"
Sr. Security Analyst - Splunk,"Cary, NC, US, 27513","Mar1, 2022"
"Customer Care Advocate - Disability, Virtual Orkisany,NY- Omaha, NE, Dayton, OH- Warwick,RI $20/HR","Dayton, OH, US, 45448+2more…","Mar1, 2022"
Sr. DevOps Engineer,"Cary, NC, US, 27513","Feb28, 2022"
Technical Lead - Software Engineering,"Cary, NC, US, 27513","Feb28, 2022"
Senior Claims Administrator,"Tampa, FL, US, 33647+1more…","Feb28, 2022"
Principal Software Development Engineer in Test,"Cary, NC, US, 27513","Feb28, 2022"
Specialist-Technology Services,"Noida, IN, 0","Feb28, 2022"
Sr. Analyst - Middle-Office Operations and Client Reporting,"Whippany, NJ, US, 7981","Feb28, 2022"
Unit Manager - Data Governance & PMO,"Noida, IN, 0","Feb28, 2022"
Assistant Manager - Finance & Admin,"Noida, IN, 0","Feb28, 2022"
Senior Associate - Technology Services,"Noida, IN, 0","Feb28, 2022"
Planning Analyst,"Bridgewater, NJ, US, 8807","Feb28, 2022"
Counsel - Investments Law,"Whippany, NJ, US, 7981","Feb28, 2022"
Senior Financial Consultant - Large Accounts,"Aurora, IL, US, 60504","Feb27, 2022"
Controls Analyst,"Bloomfield, CT, US, 6002+13more…","Feb27, 2022"
Treasury Analyst (9 month FTC),"Dublin, IE","Feb26, 2022"
Sr. Analyst - Real Estate & Valuation Review,"Whippany, NJ, US, 7981","Feb26, 2022"
Group Health Actuary,"Bridgewater, NJ, US, 8807","Feb26, 2022"
Sr. Tax Accountant,"St.Louis, MO, US, 11330","Feb26, 2022"
IT Director - Security - Network & Firewall Security,"Cary, NC, US, 27513","Feb26, 2022"
Full Stack Data Engineer,"Cary, NC, US, 27513","Feb26, 2022"
Lead Full Stack Software Engineer,"Cary, NC, US, 27513","Feb26, 2022"
Lead Data Engineer,"Cary, NC, US, 27513+2more…","Feb26, 2022"
ITSM / IT Service Management Systems Specialist -ServiceNow,"Cary, NC, US, 27513","Feb26, 2022"
Analyst - Case Implementation,"Tampa, FL, US, 33647","Feb25, 2022"
Team Leader- Technology Services,"Noida, IN, 0","Feb25, 2022"
Director - Specialty Market Sales,"NewYork, NY, US, 10166+14more…","Feb25, 2022"
"Assistant Vice President, Group Benefits Compliance","NewYork, NY, US, 10166","Feb25, 2022"
Team Leader - Projects and Governance,"Noida, IN, 0","Feb25, 2022"
Senior Administrator,"Tampa, FL, US, 33647","Feb25, 2022"
Software Development Engineer II,"Cary, NC, US, 27513","Feb25, 2022"
"Director, Senior Mortgage Producer","SanFrancisco, CA, US, 94105","Feb25, 2022"
Senior/Lead HRIS Consultant,"Remote, US, 0","Feb25, 2022"
Senior Data Security & Data Governance Specialist,"Cary, NC, US, 27513","Feb25, 2022"
"AVP, Cloud Enablement","Cary, NC, US, 27513","Feb25, 2022"
Data Analytics Consultant,"KansasCity, MO, US, 64116+1more…","Feb25, 2022"
Senior IT Security Analyst - Risk & Controls,"Cary, NC, US, 27513","Feb25, 2022"
Lead Business Systems Analyst - HRIT / HRIS,"Cary, NC, US, 27513","Feb25, 2022"
Senior Software Development Engineer,"Cary, NC, US, 27513","Feb25, 2022"
Actuary,"NewYork, NY, US, 10166+1more…","Feb25, 2022"
Specialists-IT Operations,"Noida, IN, 0","Feb24, 2022"
Client Services Consultant II,"Bridgewater, NJ, US, 8807","Feb24, 2022"
Specialist,"Noida, IN, 0","Feb24, 2022"
Senior Technology Business Management (TBM) Analyst,"Cary, NC, US, 27513","Feb24, 2022"
Senior Legal Assistant,"NewYork, NY, US, 10166","Feb24, 2022"
IT Risk & Security Principal - Investments,"Whippany, NJ, US, 7981+1more…","Feb24, 2022"
Technology Liaison Analyst,"Tampa, FL, US, 33647+1more…","Feb24, 2022"
Data Protection Manager,"Dublin, IE","Feb24, 2022"
Correspondent I - Virtual,"Tampa, FL, US, 33647+1more…","Feb24, 2022"
Supervisor - Call Center - Virtual,"Omaha, NE, US, 68102+2more…","Feb24, 2022"
Unit Manager Operations,"Noida, IN, 0","Feb24, 2022"
Head of Public Fixed Income Compliance,"Philadelphia, PA, US, 19103","Feb23, 2022"
Legal Assistant,"NewYork, NY, US, 10166","Feb23, 2022"
Senior UAT Consultant,"Oriskany, NY, US, 13424+6more…","Feb23, 2022"
Actuarial Assistant - Actuarial Development Program,"St.Louis, MO, US, 11330","Feb23, 2022"
"Senior Manager, UX Researcher - Upwise","NewYork, NY, US, 10166","Feb23, 2022"
Mainframe Programmer,"Cary, NC, US, 27513","Feb23, 2022"
"Associate, Institutional Client Group","Whippany, NJ, US, 7981","Feb23, 2022"
Account Management Consultant,"Aurora, IL, US, 60504+1more…","Feb23, 2022"
Underwriting Consultant,"Charlotte, NC, US, 28277","Feb23, 2022"
Senior Supplier IT Sourcing Consultant,"Cary, NC, US, 27513","Feb23, 2022"
Senior Associate,"Noida, IN, 0","Feb14, 2022"
Senior Data Scientist,"Cary, NC, US, 27513+1more…","Jan25, 2022"
